time,ControllerImpl.c_level,ControllerImpl.c_pumpOnReq,ControllerImpl.c_pumpOnCmd,ControllerImpl.c_warn,ControllerImpl.c_level_internal,ControllerImpl.c_pumpOnReq_internal,ControllerImpl.c_pumpOnCmd_internal,ControllerImpl.c_warn_internal,ControllerImpl.commit,ControllerImpl.c_pumpOnCmd,ControllerImpl.c_warn,EnvironmentImpl.e_level,EnvironmentImpl.e_pumpOnReq,EnvironmentImpl.e_pumpOnCmd,EnvironmentImpl.e_warn,EnvironmentImpl.init,EnvironmentImpl.e_level,EnvironmentImpl.e_pumpOnReq
0,100,0,0,0,100,0,0,0,0,0,0,90,0,0,0,1,90,0
1.000000000000000E-1,90,0,0,0,100,0,0,0,0,0,0,90,0,0,0,1,90,0
2.000000000000000E-1,90,0,0,0,100,0,0,0,0,0,0,90,0,0,0,1,90,0
3.000000000000000E-1,90,0,0,0,100,0,0,0,0,0,0,90,0,0,0,1,90,0
4.000000000000000E-1,90,0,0,0,100,0,0,0,0,0,0,90,0,0,0,1,90,0
5.000000000000000E-1,90,0,0,0,100,0,0,0,0,0,0,90,0,0,0,1,90,0
6.000000000000000E-1,90,0,0,0,100,0,0,0,0,0,0,90,0,0,0,1,90,0
7.00000000000000E-1,90,0,0,0,100,0,0,0,0,0,0,90,0,0,0,1,90,0
8.00000000000000E-1,90,0,0,0,100,0,0,0,0,0,0,90,0,0,0,1,90,0
9.00000000000000E-1,90,0,0,0,100,0,0,0,0,0,0,90,0,0,0,1,90,0
1.000000000000000,90,0,0,0,100,0,0,0,0,0,0,90,0,0,0,1,90,0
1.100000000000000,90,0,0,0,100,0,0,0,0,0,0,90,0,0,0,1,90,0
1.200000000000000,90,0,0,0,100,0,0,0,0,0,0,90,0,0,0,1,90,0
1.300000000000000,90,0,0,0,100,0,0,0,0,0,0,90,0,0,0,1,90,0
1.400000000000000,90,0,0,0,100,0,0,0,0,0,0,90,0,0,0,1,90,0
1.500000000000000,90,0,0,0,100,0,0,0,0,0,0,90,0,0,0,1,90,0
1.600000000000000,90,0,0,0,100,0,0,0,0,0,0,90,0,0,0,1,90,0
1.700000000000000,90,0,0,0,100,0,0,0,0,0,0,90,0,0,0,1,90,0
1.800000000000000,90,0,0,0,100,0,0,0,0,0,0,90,0,0,0,1,90,0
1.900000000000000,90,0,0,0,100,0,0,0,0,0,0,90,0,0,0,1,90,0
2.000000000000000,90,0,0,0,100,0,0,0,0,0,0,90,0,0,0,1,90,0
2.100000000000000,90,0,0,0,100,0,0,0,0,0,0,90,0,0,0,1,90,0
2.200000000000000,90,0,0,0,100,0,0,0,0,0,0,90,0,0,0,1,90,0
2.300000000000000,90,0,0,0,100,0,0,0,0,0,0,90,0,0,0,1,90,0
2.400000000000000,90,0,0,0,100,0,0,0,0,0,0,90,0,0,0,1,90,0
2.500000000000000,90,0,0,0,100,0,0,0,0,0,0,90,0,0,0,1,90,0
2.600000000000000,90,0,0,0,100,0,0,0,0,0,0,90,0,0,0,1,90,0
2.700000000000000,90,0,0,0,100,0,0,0,0,0,0,90,0,0,0,1,90,0
2.800000000000000,90,0,0,0,100,0,0,0,0,0,0,90,0,0,0,1,90,0
2.900000000000000,90,0,0,0,100,0,0,0,0,0,0,90,0,0,0,1,90,0
3.000000000000000,90,0,0,0,100,0,0,0,0,0,0,90,0,0,0,1,90,0
3.100000000000000,90,0,0,0,100,0,0,0,0,0,0,90,0,0,0,1,90,0
3.200000000000000,90,0,0,0,100,0,0,0,0,0,0,90,0,0,0,1,90,0
3.300000000000000,90,0,0,0,100,0,0,0,0,0,0,90,0,0,0,1,90,0
3.400000000000000,90,0,0,0,100,0,0,0,0,0,0,90,0,0,0,1,90,0
3.500000000000000,90,0,0,0,100,0,0,0,0,0,0,90,0,0,0,1,90,0
3.600000000000000,90,0,0,0,100,0,0,0,0,0,0,90,0,0,0,1,90,0
3.700000000000000,90,0,0,0,100,0,0,0,0,0,0,90,0,0,0,1,90,0
3.800000000000000,90,0,0,0,100,0,0,0,0,0,0,90,0,0,0,1,90,0
3.900000000000000,90,0,0,0,100,0,0,0,0,0,0,90,0,0,0,1,90,0
4.000000000000000,90,0,0,0,100,0,0,0,0,0,0,90,0,0,0,1,90,0
4.100000000000000,90,0,0,0,100,0,0,0,0,0,0,90,0,0,0,1,90,0
4.200000000000000,90,0,0,0,100,0,0,0,0,0,0,90,0,0,0,1,90,0
4.300000000000000,90,0,0,0,100,0,0,0,0,0,0,90,0,0,0,1,90,0
4.400000000000000,90,0,0,0,100,0,0,0,0,0,0,90,0,0,0,1,90,0
4.500000000000000,90,0,0,0,100,0,0,0,0,0,0,90,0,0,0,1,90,0
4.600000000000000,90,0,0,0,100,0,0,0,0,0,0,90,0,0,0,1,90,0
4.700000000000000,90,0,0,0,100,0,0,0,0,0,0,90,0,0,0,1,90,0
4.800000000000000,90,0,0,0,100,0,0,0,0,0,0,90,0,0,0,1,90,0
4.900000000000000,90,0,0,0,100,0,0,0,0,0,0,90,0,0,0,1,90,0
5.000000000000000,90,0,0,0,100,0,0,0,0,0,0,90,0,0,0,1,90,0
5.100000000000000,90,0,0,0,100,0,0,0,0,0,0,90,0,0,0,1,90,0
5.200000000000000,90,0,0,0,100,0,0,0,0,0,0,90,0,0,0,1,90,0
5.300000000000000,90,0,0,0,100,0,0,0,0,0,0,90,0,0,0,1,90,0
5.400000000000000,90,0,0,0,100,0,0,0,0,0,0,90,0,0,0,1,90,0
5.500000000000000,90,0,0,0,100,0,0,0,0,0,0,90,0,0,0,1,90,0
5.600000000000000,90,0,0,0,100,0,0,0,0,0,0,90,0,0,0,1,90,0
5.700000000000000,90,0,0,0,100,0,0,0,0,0,0,90,0,0,0,1,90,0
5.800000000000000,90,0,0,0,100,0,0,0,0,0,0,90,0,0,0,1,90,0
5.900000000000000,90,0,0,0,100,0,0,0,0,0,0,90,0,0,0,1,90,0
6.000000000000000,90,0,0,0,100,0,0,0,0,0,0,90,0,0,0,1,90,0
6.100000000000000,90,0,0,0,100,0,0,0,0,0,0,90,0,0,0,1,90,0
6.200000000000000,90,0,0,0,100,0,0,0,0,0,0,90,0,0,0,1,90,0
6.300000000000000,90,0,0,0,100,0,0,0,0,0,0,90,0,0,0,1,90,0
6.400000000000000,90,0,0,0,100,0,0,0,0,0,0,90,0,0,0,1,90,0
6.500000000000000,90,0,0,0,100,0,0,0,0,0,0,90,0,0,0,1,90,0
6.600000000000000,90,0,0,0,100,0,0,0,0,0,0,90,0,0,0,1,90,0
6.70000000000000,90,0,0,0,100,0,0,0,0,0,0,90,0,0,0,1,90,0
6.80000000000000,90,0,0,0,100,0,0,0,0,0,0,90,0,0,0,1,90,0
6.90000000000000,90,0,0,0,100,0,0,0,0,0,0,90,0,0,0,1,90,0
7.00000000000000,90,0,0,0,100,0,0,0,0,0,0,90,0,0,0,1,90,0
7.10000000000000,90,0,0,0,100,0,0,0,0,0,0,90,0,0,0,1,90,0
7.20000000000000,90,0,0,0,100,0,0,0,0,0,0,90,0,0,0,1,90,0
7.30000000000000,90,0,0,0,100,0,0,0,0,0,0,90,0,0,0,1,90,0
7.40000000000000,90,0,0,0,100,0,0,0,0,0,0,90,0,0,0,1,90,0
7.50000000000000,90,0,0,0,100,0,0,0,0,0,0,90,0,0,0,1,90,0
7.60000000000000,90,0,0,0,100,0,0,0,0,0,0,90,0,0,0,1,90,0
7.70000000000000,90,0,0,0,100,0,0,0,0,0,0,90,0,0,0,1,90,0
7.80000000000000,90,0,0,0,100,0,0,0,0,0,0,90,0,0,0,1,90,0
7.90000000000000,90,0,0,0,100,0,0,0,0,0,0,90,0,0,0,1,90,0
8.00000000000000,90,0,0,0,100,0,0,0,0,0,0,90,0,0,0,1,90,0
8.10000000000000,90,0,0,0,100,0,0,0,0,0,0,90,0,0,0,1,90,0
8.20000000000000,90,0,0,0,100,0,0,0,0,0,0,90,0,0,0,1,90,0
8.30000000000000,90,0,0,0,100,0,0,0,0,0,0,90,0,0,0,1,90,0
8.40000000000000,90,0,0,0,100,0,0,0,0,0,0,90,0,0,0,1,90,0
8.50000000000000,90,0,0,0,100,0,0,0,0,0,0,90,0,0,0,1,90,0
8.60000000000000,90,0,0,0,100,0,0,0,0,0,0,90,0,0,0,1,90,0
8.70000000000000,90,0,0,0,100,0,0,0,0,0,0,90,0,0,0,1,90,0
8.80000000000000,90,0,0,0,100,0,0,0,0,0,0,90,0,0,0,1,90,0
8.90000000000000,90,0,0,0,100,0,0,0,0,0,0,90,0,0,0,1,90,0
9.00000000000000,90,0,0,0,100,0,0,0,0,0,0,90,0,0,0,1,90,0
9.10000000000000,90,0,0,0,100,0,0,0,0,0,0,90,0,0,0,1,90,0
9.20000000000000,90,0,0,0,100,0,0,0,0,0,0,90,0,0,0,1,90,0
9.30000000000000,90,0,0,0,100,0,0,0,0,0,0,90,0,0,0,1,90,0
9.40000000000000,90,0,0,0,100,0,0,0,0,0,0,90,0,0,0,1,90,0
9.50000000000000,90,0,0,0,100,0,0,0,0,0,0,90,0,0,0,1,90,0
9.60000000000000,90,0,0,0,100,0,0,0,0,0,0,90,0,0,0,1,90,0
9.70000000000000,90,0,0,0,100,0,0,0,0,0,0,90,0,0,0,1,90,0
9.80000000000000,90,0,0,0,100,0,0,0,0,0,0,90,0,0,0,1,90,0
9.90000000000000,90,0,0,0,100,0,0,0,0,0,0,90,0,0,0,1,90,0
10.00000000000000,90,0,0,0,100,0,0,0,0,0,0,90,0,0,0,1,90,0
